query,freesound_id,author,title,url,file,duration_s,license
"lightsaber hum","540214","Za-Games","Laser Sword (Ignition/Waving/Putting Away)","https://freesound.org/people/Za-Games/sounds/540214/","lightsaber_hum__540214_Laser_Sword_Ignition_Waving_Putting_Away_.mp3","4.66771",CC0
"lightsaber hum","47124","gyzhor","lightsaber2.mp3","https://freesound.org/people/gyzhor/sounds/47124/","lightsaber_hum__47124_lightsaber2.mp3","3.10188",CC0
"lightsaber swing","517746","danlucaz","Lightsaber #1","https://freesound.org/people/danlucaz/sounds/517746/","lightsaber_swing__517746_Lightsaber_1.mp3","2.53098",CC0
"lightsaber swing","47125","gyzhor","lightsaber3.mp3","https://freesound.org/people/gyzhor/sounds/47125/","lightsaber_swing__47125_lightsaber.mp3","2.16588",CC0
"lightsaber swing","540214","Za-Games","Laser Sword (Ignition/Waving/Putting Away)","https://freesound.org/people/Za-Games/sounds/540214/","lightsaber_swing__540214_Laser_Sword_Ignition_Waving_Putting_Away_.mp3","4.66771",CC0
"lightsaber ignition","47126","gyzhor","lightsaber4.mp3","https://freesound.org/people/gyzhor/sounds/47126/","lightsaber_ignition__47126_lightsaber4.mp3","1.15787",CC0
"lightsaber ignition","557194","pip_","Lightsaber Ignition","https://freesound.org/people/pip_/sounds/557194/","lightsaber_ignition__557194_Lightsaber_Ignition.mp3","2.22222",CC0
"lightsaber ignition","540214","Za-Games","Laser Sword (Ignition/Waving/Putting Away)","https://freesound.org/people/Za-Games/sounds/540214/","lightsaber_ignition__540214_Laser_Sword_Ignition_Waving_Putting_Away_.mp3","4.66771",CC0
"grappling hook","792318","randbsoundbites","Grappling hook/gun extending & retracting","https://freesound.org/people/randbsoundbites/sounds/792318/","grappling_hook__792318_Grappling_hook_gun_extending_retracting.mp3","3.62549",CC0
"grappling hook","541975","16bitstudios","grappling hook","https://freesound.org/people/16bitstudios/sounds/541975/","grappling_hook__541975_grappling_hook.mp3","0.576145",CC0
"rope throw","719638","zapsplat.com","Lasso rope being spun, spinning through air then throw","https://freesound.org/people/zapsplat.com/sounds/719638/","rope_throw__719638_Lasso_rope_being_spun_spinning_through_air_then_th.mp3","2.33573",CC0
"shell casing","347603","NicJonesAudio","Shell Casing 7.wav","https://freesound.org/people/NicJonesAudio/sounds/347603/","shell_casing__347603_Shell_Casing_7.wav.mp3","1.87499",CC0
"shell casing","777923","BlondPanda","Metal_Shell_Spin_10","https://freesound.org/people/BlondPanda/sounds/777923/","shell_casing__777923_Metal_Shell_Spin_10.mp3","0.365667",CC0
"shell casing","620929","Metrolynn","empty shotgun shells/casings hitting ground bouncing","https://freesound.org/people/Metrolynn/sounds/620929/","shell_casing__620929_empty_shotgun_shells_casings_hitting_ground_bounci.mp3","2.26669",CC0
"dry fire","218319","SpliceSound","Winchester 1873, cock and dry fire.wav","https://freesound.org/people/SpliceSound/sounds/218319/","dry_fire__218319_Winchester_1873_cock_and_dry_fire.wav.mp3","18.7072",CC0
"dry fire","725402","ser%C3%B8ut%C5%8Dnin--depriv%C9%99d","A rifle being dry fired once","https://freesound.org/people/ser%C3%B8ut%C5%8Dnin--depriv%C9%99d/sounds/725402/","dry_fire__725402_A_rifle_being_dry_fired_once.mp3","0.524195",CC0
"dry fire","460852","MPierluissi","GUNRif_M1 GARAND DRY FIRE_MP.wav","https://freesound.org/people/MPierluissi/sounds/460852/","dry_fire__460852_GUNRif_M1_GARAND_DRY_FIRE_MP.wav.mp3","3.10288",CC0
"weapon draw","767322","Hano_van_Dalen","WEAPSwrd_Katana Draw_HvD_OwSFX","https://freesound.org/people/Hano_van_Dalen/sounds/767322/","weapon_draw__767322_WEAPSwrd_Katana_Draw_HvD_OwSFX.mp3","15.9898",CC0
"weapon draw","666581","xkeril","Sword drawing","https://freesound.org/people/xkeril/sounds/666581/","weapon_draw__666581_Sword_drawing.mp3","1.83333",CC0
"weapon draw","842179","AardsReal","Drawing Dagger","https://freesound.org/people/AardsReal/sounds/842179/","weapon_draw__842179_Drawing_Dagger.mp3","1.43964",CC0
"holster","767309","Hano_van_Dalen","EQUIPTact_Leather Revolver Holster Open and Close_HvD_OwSFX","https://freesound.org/people/Hano_van_Dalen/sounds/767309/","holster__767309_EQUIPTact_Leather_Revolver_Holster_Open_and_Close_.mp3","10.4853",CC0
"holster","767308","Hano_van_Dalen","EQUIPTact_Leather Revolver Holster Equip_HvD_OwSFX","https://freesound.org/people/Hano_van_Dalen/sounds/767308/","holster__767308_EQUIPTact_Leather_Revolver_Holster_Equip_HvD_OwSFX.mp3","14.8356",CC0
"holster","239959","huddwink","Gun draw holster.wav","https://freesound.org/people/huddwink/sounds/239959/","holster__239959_Gun_draw_holster.wav.mp3","1.72437",CC0
"magazine insert","508242","shelbyshark","1911 .45 Inserting Magazine Chambering Round.wav","https://freesound.org/people/shelbyshark/sounds/508242/","magazine_insert__508242_1911_.45_Inserting_Magazine_Chambering_Round.wav.mp3","13.4531",CC0
"magazine insert","855580","qubodup","Pushing 50 Cal BMG Round into Magazine","https://freesound.org/people/qubodup/sounds/855580/","magazine_insert__855580_Pushing_50_Cal_BMG_Round_into_Magazine.mp3","0.325979",CC0
"magazine insert","725397","ser%C3%B8ut%C5%8Dnin--depriv%C9%99d","An M16 Rifle being reloaded while empty; full sequence","https://freesound.org/people/ser%C3%B8ut%C5%8Dnin--depriv%C9%99d/sounds/725397/","magazine_insert__725397_An_M16_Rifle_being_reloaded_while_empty_full_seque.mp3","7.06467",CC0
"bolt action","370345","Zott820","Mosin Nagant Bolt Action Cycle","https://freesound.org/people/Zott820/sounds/370345/","bolt_action__370345_Mosin_Nagant_Bolt_Action_Cycle.mp3","14.1964",CC0
"bolt action","263459","rammbostein","Mosin Nagant Bolt.wav","https://freesound.org/people/rammbostein/sounds/263459/","bolt_action__263459_Mosin_Nagant_Bolt.wav.mp3","6.5",CC0
"bolt action","267895","rammbostein","Mosin Nagant Bolt (fast).wav","https://freesound.org/people/rammbostein/sounds/267895/","bolt_action__267895_Mosin_Nagant_Bolt_fast_.wav.mp3","4.3",CC0
"grenade explosion","563010","florianreichelt","Explosion.mp3","https://freesound.org/people/florianreichelt/sounds/563010/","grenade_explosion__563010_Explosion.mp3","4.95698",CC0
"grenade explosion","807381","Jean_Filho","Sci-Fi Grenade explosion","https://freesound.org/people/Jean_Filho/sounds/807381/","grenade_explosion__807381_Sci-Fi_Grenade_explosion.mp3","0.989524",CC0
"grenade explosion","609587","unfa","Grenade Explosion SFX (medium-sized, meaty, realistic)","https://freesound.org/people/unfa/sounds/609587/","grenade_explosion__609587_Grenade_Explosion_SFX_medium-sized_meaty_realistic.mp3","5.31629",CC0
"slide concrete","455673","kyles","chair wood old push slide across concrete floor scrape.flac","https://freesound.org/people/kyles/sounds/455673/","slide_concrete__455673_chair_wood_old_push_slide_across_concrete_floor_sc.mp3","13.7398",CC0
"footsteps concrete","813622","SecureSubset","Footsteps - Stone, Rock, Concrete, Cement","https://freesound.org/people/SecureSubset/sounds/813622/","footsteps_concrete__813622_Footsteps_-_Stone_Rock_Concrete_Cement.mp3","6.71113",CC0
"footsteps concrete","166508","Yoyodaman234","concrete footstep 2","https://freesound.org/people/Yoyodaman234/sounds/166508/","footsteps_concrete__166508_concrete_footstep_2.mp3","0.490204",CC0
"footsteps concrete","459964","florianreichelt","Footsteps on concrete","https://freesound.org/people/florianreichelt/sounds/459964/","footsteps_concrete__459964_Footsteps_on_concrete.mp3","19.8411",CC0
"body fall","461697","leonelmail","Body falls into debris","https://freesound.org/people/leonelmail/sounds/461697/","body_fall__461697_Body_falls_into_debris.mp3","4.8729",CC0
"body fall","119825","kbnevel","BodyFall_Carpet.aif","https://freesound.org/people/kbnevel/sounds/119825/","body_fall__119825_BodyFall_Carpet.aif.mp3","3.46667",CC0
"whoosh","848212","JW_Audio","DSGNWhsh_Whoosh, Futuristic, Synthetic, Pass-By, Cinematic_03_JW Audio","https://freesound.org/people/JW_Audio/sounds/848212/","whoosh__848212_DSGNWhsh_Whoosh_Futuristic_Synthetic_Pass-By_Cine.mp3","4.99999",CC0
"whoosh","342983","sramse","Whoosh set 2","https://freesound.org/people/sramse/sounds/342983/","whoosh__342983_Whoosh_set_2.mp3","14.5502",CC0
"whoosh","423799","ch_ase","Little Whoosh 2","https://freesound.org/people/ch_ase/sounds/423799/","whoosh__423799_Little_Whoosh_2.mp3","3.31209",CC0
"laser sword","591433","RyanKingArt","Laser Sword Turn Off 1.mp3","https://freesound.org/people/RyanKingArt/sounds/591433/","laser_sword__591433_Laser_Sword_Turn_Off_1.mp3","2.52",CC0
"laser sword","657939","LilMati","Retro, SciFi Laser Sword, Unsheathed.wav","https://freesound.org/people/LilMati/sounds/657939/","laser_sword__657939_Retro_SciFi_Laser_Sword_Unsheathed.wav.mp3","1.75726",CC0
"winch","454148","kyles","ratchet pulley winch pull metal plastic junk slide rattle.flac","https://freesound.org/people/kyles/sounds/454148/","winch__454148_ratchet_pulley_winch_pull_metal_plastic_junk_slide.mp3","3.83419",CC0
"winch","683807","mpuffenbarger","SFX Electric Actuator 2.mp3","https://freesound.org/people/mpuffenbarger/sounds/683807/","winch__683807_SFX_Electric_Actuator_2.mp3","7.18898",CC0
"cable retract","378302","13F_Panska_Koprivikova_Klara","vacuum cleaner cable","https://freesound.org/people/13F_Panska_Koprivikova_Klara/sounds/378302/","cable_retract__378302_vacuum_cleaner_cable.mp3","3.32517",CC0
"cable retract","685748","J3TTF","Retracting Henry Vacuum Cleaner Cord Reel In","https://freesound.org/people/J3TTF/sounds/685748/","cable_retract__685748_Retracting_Henry_Vacuum_Cleaner_Cord_Reel_In.mp3","7.99603",CC0
"jump grunt","363922","kfatehi","land.wav","https://freesound.org/people/kfatehi/sounds/363922/","jump_grunt__363922_land.wav.mp3","1.68787",CC0
"jump grunt","678839","cartchaos","jump.wav","https://freesound.org/people/cartchaos/sounds/678839/","jump_grunt__678839_jump.wav.mp3","0.514422",CC0
"land thud","364690","alegemaate","Human Impact on Ground","https://freesound.org/people/alegemaate/sounds/364690/","land_thud__364690_Human_Impact_on_Ground.mp3","0.79839",CC0
"land thud","584293","septalium1","Falling Thud","https://freesound.org/people/septalium1/sounds/584293/","land_thud__584293_Falling_Thud.mp3","1.13739",CC0
